hour,tempC,precipMM,humidity,windspeedKmph,weatherDesc2,year,month,day,ausleihen,rueckgaben,holidays,weekday,workday
0.0,24,0.0,83,11,Overcast,2018,8,1,2,2,0,2,1
1.0,24,0.0,84,10,Overcast,2018,8,1,0,0,0,2,1
2.0,24,0.3,86,9,Light rain shower,2018,8,1,1,2,0,2,1
3.0,24,0.4,87,8,Light rain shower,2018,8,1,0,0,0,2,1
4.0,24,0.2,86,9,Light rain shower,2018,8,1,2,0,0,2,1
5.0,25,0.8,85,10,Light rain shower,2018,8,1,1,3,0,2,1
6.0,25,1.1,83,12,Light rain shower,2018,8,1,4,4,0,2,1
7.0,26,0.6,79,14,Light rain shower,2018,8,1,9,12,0,2,1
8.0,27,0.8,74,16,Light rain shower,2018,8,1,23,44,0,2,1
9.0,28,1.1,70,18,Light rain shower,2018,8,1,18,29,0,2,1
10.0,28,0.5,69,18,Light rain shower,2018,8,1,12,13,0,2,1
11.0,28,1.6,69,18,Moderate or heavy rain shower,2018,8,1,18,12,0,2,1
12.0,29,2.2,68,18,Moderate or heavy rain shower,2018,8,1,7,12,0,2,1
13.0,29,1.1,65,19,Moderate or heavy rain shower,2018,8,1,10,19,0,2,1
14.0,30,0.4,61,19,Light rain shower,2018,8,1,19,12,0,2,1
15.0,31,0.6,58,19,Light rain shower,2018,8,1,16,17,0,2,1
16.0,30,0.3,60,19,Light rain shower,2018,8,1,19,31,0,2,1
17.0,30,0.5,62,19,Light rain shower,2018,8,1,95,53,0,2,1
18.0,29,0.6,65,19,Light rain shower,2018,8,1,78,45,0,2,1
19.0,28,0.3,68,20,Light rain shower,2018,8,1,41,43,0,2,1
20.0,28,0.0,71,21,Clear,2018,8,1,29,30,0,2,1
21.0,27,0.0,74,21,Clear,2018,8,1,23,21,0,2,1
22.0,27,0.0,75,19,Clear,2018,8,1,10,14,0,2,1
23.0,27,0.0,76,17,Partly cloudy,2018,8,1,11,7,0,2,1
0.0,26,0.1,76,14,Partly cloudy,2018,8,2,1,3,0,3,1
1.0,26,0.0,78,15,Partly cloudy,2018,8,2,0,0,0,3,1
2.0,26,0.0,80,15,Partly cloudy,2018,8,2,0,1,0,3,1
3.0,25,0.0,81,15,Partly cloudy,2018,8,2,1,1,0,3,1
4.0,25,0.0,80,14,Partly cloudy,2018,8,2,0,0,0,3,1
5.0,26,0.0,78,12,Partly cloudy,2018,8,2,1,3,0,3,1
6.0,26,0.0,77,10,Partly cloudy,2018,8,2,8,14,0,3,1
7.0,27,0.0,72,11,Partly cloudy,2018,8,2,20,39,0,3,1
8.0,28,0.2,67,12,Patchy rain possible,2018,8,2,32,56,0,3,1
9.0,30,0.3,61,13,Patchy rain possible,2018,8,2,21,36,0,3,1
10.0,30,0.2,60,13,Patchy rain possible,2018,8,2,16,19,0,3,1
11.0,30,0.9,59,14,Moderate or heavy rain shower,2018,8,2,13,19,0,3,1
12.0,31,1.2,57,14,Moderate or heavy rain shower,2018,8,2,18,23,0,3,1
13.0,31,0.6,57,15,Moderate or heavy rain shower,2018,8,2,18,19,0,3,1
14.0,31,0.9,56,17,Moderate or heavy rain shower,2018,8,2,19,19,0,3,1
15.0,31,1.2,56,18,Moderate or heavy rain shower,2018,8,2,23,18,0,3,1
16.0,30,0.6,58,14,Moderate or heavy rain shower,2018,8,2,16,19,0,3,1
17.0,30,1.2,61,9,Moderate or heavy rain shower,2018,8,2,35,20,0,3,1
18.0,29,1.6,64,5,Moderate or heavy rain shower,2018,8,2,70,45,0,3,1
19.0,28,0.8,68,7,Moderate or heavy rain shower,2018,8,2,63,39,0,3,1
20.0,28,1.5,72,8,Moderate or heavy rain shower,2018,8,2,31,24,0,3,1
21.0,27,2.0,76,9,Moderate or heavy rain shower,2018,8,2,10,15,0,3,1
22.0,27,1.0,77,8,Moderate or heavy rain shower,2018,8,2,6,3,0,3,1
23.0,26,2.2,79,8,Moderate or heavy rain shower,2018,8,2,6,5,0,3,1
0.0,26,4.4,80,7,Moderate or heavy rain shower,2018,8,3,2,1,0,4,1
1.0,26,2.2,82,8,Moderate or heavy rain shower,2018,8,3,0,2,0,4,1
2.0,25,0.4,83,10,Patchy rain possible,2018,8,3,0,0,0,4,1
3.0,25,0.6,85,12,Patchy rain possible,2018,8,3,0,0,0,4,1
4.0,25,0.3,84,11,Patchy rain possible,2018,8,3,1,1,0,4,1
5.0,26,0.5,82,10,Patchy rain possible,2018,8,3,1,1,0,4,1
6.0,26,0.7,81,10,Patchy rain possible,2018,8,3,4,10,0,4,1
7.0,27,0.3,76,11,Patchy rain possible,2018,8,3,12,19,0,4,1
8.0,28,0.0,71,13,Partly cloudy,2018,8,3,32,56,0,4,1
9.0,29,0.0,66,15,Partly cloudy,2018,8,3,18,33,0,4,1
10.0,29,0.0,64,15,Partly cloudy,2018,8,3,11,10,0,4,1
11.0,30,0.3,61,15,Light rain shower,2018,8,3,10,17,0,4,1
12.0,31,0.4,59,15,Light rain shower,2018,8,3,9,10,0,4,1
13.0,30,0.2,60,16,Light rain shower,2018,8,3,12,24,0,4,1
14.0,30,1.5,60,17,Moderate or heavy rain shower,2018,8,3,14,16,0,4,1
15.0,30,2.0,61,18,Moderate or heavy rain shower,2018,8,3,7,4,0,4,1
16.0,29,1.0,62,16,Moderate or heavy rain shower,2018,8,3,37,22,0,4,1
17.0,29,1.6,64,13,Moderate or heavy rain shower,2018,8,3,38,35,0,4,1
18.0,28,2.1,65,10,Moderate or heavy rain shower,2018,8,3,41,40,0,4,1
19.0,28,1.0,67,13,Moderate or heavy rain shower,2018,8,3,30,30,0,4,1
20.0,27,1.1,69,15,Moderate or heavy rain shower,2018,8,3,18,22,0,4,1
21.0,26,1.4,71,18,Moderate or heavy rain shower,2018,8,3,15,13,0,4,1
22.0,26,0.7,72,17,Moderate or heavy rain shower,2018,8,3,10,9,0,4,1
23.0,26,1.1,72,15,Moderate or heavy rain shower,2018,8,3,6,5,0,4,1
0.0,26,2.2,73,14,Moderate or heavy rain shower,2018,8,4,4,7,0,5,0
1.0,25,1.1,74,15,Moderate or heavy rain shower,2018,8,4,2,1,0,5,0
2.0,25,0.5,76,15,Light rain shower,2018,8,4,0,1,0,5,0
3.0,25,0.7,77,16,Light rain shower,2018,8,4,0,3,0,5,0
4.0,25,0.4,77,14,Light rain shower,2018,8,4,0,1,0,5,0
5.0,25,1.5,77,13,Moderate or heavy rain shower,2018,8,4,0,0,0,5,0
6.0,25,2.0,77,12,Moderate or heavy rain shower,2018,8,4,2,2,0,5,0
7.0,25,1.0,74,10,Moderate or heavy rain shower,2018,8,4,3,0,0,5,0
8.0,26,2.1,72,9,Moderate or heavy rain shower,2018,8,4,2,1,0,5,0
9.0,27,2.8,70,7,Moderate or heavy rain shower,2018,8,4,2,5,0,5,0
10.0,28,1.4,66,8,Moderate or heavy rain shower,2018,8,4,0,4,0,5,0
11.0,29,2.5,62,8,Moderate or heavy rain shower,2018,8,4,6,5,0,5,0
12.0,31,3.3,58,8,Moderate or heavy rain shower,2018,8,4,17,12,0,5,0
13.0,31,1.6,56,9,Moderate or heavy rain shower,2018,8,4,25,34,0,5,0
14.0,31,0.0,54,9,Partly cloudy,2018,8,4,33,42,0,5,0
15.0,31,0.0,52,9,Partly cloudy,2018,8,4,41,40,0,5,0
16.0,31,0.0,53,9,Partly cloudy,2018,8,4,52,42,0,5,0
17.0,31,0.0,54,9,Sunny,2018,8,4,41,39,0,5,0
18.0,31,0.0,54,8,Clear,2018,8,4,27,46,0,5,0
19.0,30,0.0,58,9,Clear,2018,8,4,31,43,0,5,0
20.0,29,0.0,62,11,Clear,2018,8,4,30,28,0,5,0
21.0,28,0.0,66,12,Clear,2018,8,4,16,15,0,5,0
22.0,28,0.0,67,11,Clear,2018,8,4,18,9,0,5,0
23.0,28,0.0,68,10,Clear,2018,8,4,4,6,0,5,0
0.0,29,0.1,69,10,Clear,2018,8,5,4,6,0,6,0
1.0,28,0.0,70,9,Clear,2018,8,5,2,4,0,6,0
2.0,28,0.0,70,8,Clear,2018,8,5,0,8,0,6,0
3.0,28,0.0,71,7,Clear,2018,8,5,0,0,0,6,0
4.0,28,0.0,69,5,Clear,2018,8,5,1,0,0,6,0
5.0,28,0.0,68,4,Clear,2018,8,5,0,0,0,6,0
6.0,27,0.0,66,2,Sunny,2018,8,5,3,2,0,6,0
7.0,29,0.0,63,3,Sunny,2018,8,5,7,4,0,6,0
8.0,30,0.0,60,3,Sunny,2018,8,5,9,12,0,6,0
9.0,32,0.0,57,3,Sunny,2018,8,5,24,19,0,6,0
10.0,32,0.0,53,4,Sunny,2018,8,5,24,28,0,6,0
11.0,33,0.0,48,5,Sunny,2018,8,5,29,35,0,6,0
12.0,34,0.0,43,5,Sunny,2018,8,5,39,31,0,6,0
13.0,34,0.0,43,6,Sunny,2018,8,5,34,34,0,6,0
14.0,34,0.0,43,6,Sunny,2018,8,5,38,42,0,6,0
15.0,35,0.0,43,6,Sunny,2018,8,5,34,36,0,6,0
16.0,34,0.0,45,6,Sunny,2018,8,5,47,65,0,6,0
17.0,33,0.0,48,7,Sunny,2018,8,5,54,45,0,6,0
18.0,32,0.0,50,8,Clear,2018,8,5,26,39,0,6,0
19.0,32,0.0,53,7,Clear,2018,8,5,38,31,0,6,0
20.0,32,0.0,56,7,Clear,2018,8,5,17,24,0,6,0
21.0,32,0.0,59,6,Clear,2018,8,5,17,17,0,6,0
22.0,32,0.0,60,7,Clear,2018,8,5,16,12,0,6,0
23.0,31,0.0,62,9,Clear,2018,8,5,2,3,0,6,0
0.0,30,0.0,63,10,Clear,2018,8,6,3,3,0,0,1
1.0,29,0.0,65,10,Clear,2018,8,6,0,0,0,0,1
2.0,28,0.0,67,9,Clear,2018,8,6,3,1,0,0,1
3.0,27,0.0,69,9,Clear,2018,8,6,0,2,0,0,1
4.0,27,0.0,69,7,Clear,2018,8,6,0,0,0,0,1
5.0,28,0.0,68,6,Clear,2018,8,6,2,2,0,0,1
6.0,28,0.0,67,4,Sunny,2018,8,6,6,10,0,0,1
7.0,29,0.0,63,4,Sunny,2018,8,6,14,31,0,0,1
8.0,31,0.0,58,4,Partly cloudy,2018,8,6,31,61,0,0,1
9.0,32,0.0,54,4,Partly cloudy,2018,8,6,17,41,0,0,1
10.0,33,0.0,51,4,Partly cloudy,2018,8,6,7,14,0,0,1
11.0,34,0.0,47,5,Sunny,2018,8,6,14,15,0,0,1
12.0,35,0.0,44,5,Sunny,2018,8,6,5,13,0,0,1
13.0,35,0.0,44,7,Sunny,2018,8,6,10,9,0,0,1
14.0,35,0.0,44,8,Partly cloudy,2018,8,6,14,11,0,0,1
15.0,35,0.0,44,10,Partly cloudy,2018,8,6,11,15,0,0,1
16.0,34,0.0,47,10,Partly cloudy,2018,8,6,15,15,0,0,1
17.0,33,0.0,49,11,Partly cloudy,2018,8,6,48,33,0,0,1
18.0,32,0.0,52,11,Partly cloudy,2018,8,6,45,41,0,0,1
19.0,31,0.0,56,13,Partly cloudy,2018,8,6,21,21,0,0,1
20.0,30,0.0,60,14,Clear,2018,8,6,28,28,0,0,1
21.0,29,0.0,65,15,Clear,2018,8,6,15,15,0,0,1
22.0,29,0.0,67,15,Clear,2018,8,6,7,14,0,0,1
23.0,29,0.0,68,15,Clear,2018,8,6,10,5,0,0,1
0.0,28,0.0,70,15,Clear,2018,8,7,2,3,0,1,1
1.0,28,0.0,72,14,Clear,2018,8,7,0,0,0,1,1
2.0,28,0.1,74,12,Clear,2018,8,7,0,1,0,1,1
3.0,27,0.1,77,11,Clear,2018,8,7,2,2,0,1,1
4.0,27,0.1,76,10,Clear,2018,8,7,1,0,0,1,1
5.0,28,0.1,76,9,Clear,2018,8,7,3,4,0,1,1
6.0,28,0.1,75,8,Sunny,2018,8,7,12,14,0,1,1
7.0,29,0.1,69,9,Sunny,2018,8,7,18,27,0,1,1
8.0,30,0.1,64,10,Sunny,2018,8,7,22,66,0,1,1
9.0,31,0.2,58,12,Sunny,2018,8,7,28,35,0,1,1
10.0,32,0.1,54,13,Sunny,2018,8,7,9,9,0,1,1
11.0,33,0.1,51,14,Patchy rain possible,2018,8,7,14,10,0,1,1
12.0,33,0.2,47,15,Patchy rain possible,2018,8,7,12,20,0,1,1
13.0,33,0.1,48,15,Patchy rain possible,2018,8,7,14,14,0,1,1
14.0,33,0.6,50,15,Patchy rain possible,2018,8,7,15,17,0,1,1
15.0,32,0.8,51,15,Patchy rain possible,2018,8,7,11,13,0,1,1
16.0,32,0.4,53,12,Patchy rain possible,2018,8,7,13,24,0,1,1
17.0,31,0.6,55,9,Light rain shower,2018,8,7,73,36,0,1,1
18.0,31,0.8,58,6,Light rain shower,2018,8,7,59,50,0,1,1
19.0,30,0.4,62,7,Light rain shower,2018,8,7,20,26,0,1,1
20.0,29,2.2,66,7,Moderate or heavy rain shower,2018,8,7,15,9,0,1,1
21.0,28,3.0,70,8,Moderate or heavy rain shower,2018,8,7,9,10,0,1,1
22.0,28,1.5,71,6,Moderate or heavy rain shower,2018,8,7,5,6,0,1,1
23.0,28,3.2,71,5,Torrential rain shower,2018,8,7,3,4,0,1,1
0.0,28,6.5,72,3,Torrential rain shower,2018,8,8,5,4,0,2,1
1.0,27,3.2,72,4,Torrential rain shower,2018,8,8,1,0,0,2,1
2.0,27,0.1,73,4,Patchy rain possible,2018,8,8,0,1,0,2,1
3.0,26,0.1,74,5,Patchy rain possible,2018,8,8,0,0,0,2,1
4.0,27,0.0,72,5,Patchy rain possible,2018,8,8,1,0,0,2,1
5.0,27,0.1,71,4,Clear,2018,8,8,3,1,0,2,1
6.0,27,0.1,70,4,Sunny,2018,8,8,6,10,0,2,1
7.0,29,0.0,66,5,Sunny,2018,8,8,15,42,0,2,1
8.0,30,0.0,62,5,Sunny,2018,8,8,19,53,0,2,1
9.0,31,0.0,58,5,Sunny,2018,8,8,21,48,0,2,1
10.0,32,0.0,54,5,Sunny,2018,8,8,13,16,0,2,1
11.0,33,0.0,51,6,Sunny,2018,8,8,9,6,0,2,1
12.0,34,0.0,47,6,Sunny,2018,8,8,12,21,0,2,1
13.0,34,0.0,48,8,Sunny,2018,8,8,11,11,0,2,1
14.0,34,0.0,49,10,Partly cloudy,2018,8,8,13,7,0,2,1
15.0,33,0.0,50,12,Partly cloudy,2018,8,8,12,12,0,2,1
16.0,33,0.0,52,11,Partly cloudy,2018,8,8,21,26,0,2,1
17.0,32,0.5,55,11,Light rain shower,2018,8,8,45,41,0,2,1
18.0,31,0.6,57,11,Light rain shower,2018,8,8,95,53,0,2,1
19.0,30,0.3,60,11,Light rain shower,2018,8,8,58,45,0,2,1
20.0,29,3.2,63,11,Torrential rain shower,2018,8,8,38,28,0,2,1
21.0,29,4.2,66,11,Torrential rain shower,2018,8,8,22,18,0,2,1
22.0,28,2.1,67,11,Torrential rain shower,2018,8,8,15,16,0,2,1
23.0,28,3.2,68,11,Torrential rain shower,2018,8,8,3,5,0,2,1
0.0,28,6.4,69,11,Torrential rain shower,2018,8,9,1,0,0,3,1
1.0,27,3.2,70,12,Torrential rain shower,2018,8,9,1,1,0,3,1
2.0,26,0.4,72,12,Patchy rain possible,2018,8,9,0,1,0,3,1
3.0,26,0.5,73,12,Patchy rain possible,2018,8,9,0,0,0,3,1
4.0,26,0.3,72,12,Patchy rain possible,2018,8,9,1,0,0,3,1
5.0,26,0.4,71,12,Patchy rain possible,2018,8,9,2,4,0,3,1
6.0,26,0.5,70,12,Patchy rain possible,2018,8,9,7,13,0,3,1
7.0,27,0.3,66,12,Patchy rain possible,2018,8,9,11,25,0,3,1
8.0,28,0.0,63,13,Sunny,2018,8,9,27,49,0,3,1
9.0,29,0.0,60,14,Sunny,2018,8,9,18,39,0,3,1
10.0,30,0.0,56,13,Sunny,2018,8,9,6,8,0,3,1
11.0,31,0.0,53,13,Partly cloudy,2018,8,9,7,12,0,3,1
12.0,32,0.0,49,12,Partly cloudy,2018,8,9,11,13,0,3,1
13.0,32,0.0,48,13,Partly cloudy,2018,8,9,13,11,0,3,1
14.0,32,0.0,46,15,Sunny,2018,8,9,17,15,0,3,1
15.0,32,0.0,45,16,Sunny,2018,8,9,20,16,0,3,1
16.0,31,0.0,45,15,Sunny,2018,8,9,15,18,0,3,1
17.0,30,0.0,46,14,Sunny,2018,8,9,59,19,0,3,1
18.0,30,0.0,47,13,Clear,2018,8,9,73,48,0,3,1
19.0,29,0.0,49,13,Clear,2018,8,9,32,32,0,3,1
20.0,29,0.0,52,13,Clear,2018,8,9,32,28,0,3,1
21.0,29,0.0,55,13,Clear,2018,8,9,16,18,0,3,1
22.0,28,0.0,57,12,Clear,2018,8,9,6,9,0,3,1
23.0,28,0.0,58,11,Clear,2018,8,9,10,7,0,3,1
0.0,28,0.0,59,10,Clear,2018,8,10,3,3,1,4,0
1.0,27,0.0,60,9,Clear,2018,8,10,3,0,1,4,0
2.0,27,0.0,61,9,Clear,2018,8,10,1,1,1,4,0
3.0,26,0.0,62,8,Clear,2018,8,10,0,0,1,4,0
4.0,26,0.0,62,7,Clear,2018,8,10,0,0,1,4,0
5.0,26,0.0,61,6,Clear,2018,8,10,0,1,1,4,0
6.0,26,0.0,60,5,Sunny,2018,8,10,7,12,1,4,0
7.0,28,0.0,57,6,Sunny,2018,8,10,12,25,1,4,0
8.0,29,0.0,55,6,Sunny,2018,8,10,28,48,1,4,0
9.0,30,0.0,52,6,Sunny,2018,8,10,23,30,1,4,0
10.0,31,0.0,49,7,Sunny,2018,8,10,13,20,1,4,0
11.0,32,0.0,46,8,Partly cloudy,2018,8,10,19,24,1,4,0
12.0,33,0.0,43,9,Partly cloudy,2018,8,10,12,10,1,4,0
13.0,32,0.0,45,9,Partly cloudy,2018,8,10,15,17,1,4,0
14.0,32,0.0,46,8,Partly cloudy,2018,8,10,17,20,1,4,0
15.0,32,0.0,48,8,Partly cloudy,2018,8,10,18,17,1,4,0
16.0,31,0.0,51,7,Partly cloudy,2018,8,10,35,30,1,4,0
17.0,30,0.1,53,7,Light rain shower,2018,8,10,60,44,1,4,0
18.0,30,0.1,56,6,Light rain shower,2018,8,10,55,34,1,4,0
19.0,29,0.1,59,7,Light rain shower,2018,8,10,43,29,1,4,0
20.0,28,1.6,63,7,Moderate or heavy rain shower,2018,8,10,28,30,1,4,0
21.0,27,2.1,67,8,Moderate or heavy rain shower,2018,8,10,19,14,1,4,0
22.0,27,1.1,67,6,Moderate or heavy rain shower,2018,8,10,8,7,1,4,0
23.0,27,2.8,68,4,Torrential rain shower,2018,8,10,7,6,1,4,0
0.0,27,5.6,69,2,Torrential rain shower,2018,8,11,2,4,0,5,0
1.0,26,2.8,71,3,Torrential rain shower,2018,8,11,3,3,0,5,0
2.0,26,0.8,72,4,Light rain shower,2018,8,11,1,1,0,5,0
3.0,25,1.1,74,5,Light rain shower,2018,8,11,0,0,0,5,0
4.0,25,0.6,74,5,Light rain shower,2018,8,11,0,0,0,5,0
5.0,25,1.2,74,5,Moderate or heavy rain shower,2018,8,11,1,0,0,5,0
6.0,25,1.6,74,5,Moderate or heavy rain shower,2018,8,11,1,2,0,5,0
7.0,25,0.8,74,5,Moderate or heavy rain shower,2018,8,11,1,0,0,5,0
8.0,25,1.2,74,6,Moderate or heavy rain shower,2018,8,11,1,1,0,5,0
9.0,25,1.6,73,6,Moderate or heavy rain shower,2018,8,11,3,2,0,5,0
10.0,26,0.8,72,8,Moderate or heavy rain shower,2018,8,11,8,9,0,5,0
11.0,26,2.5,70,9,Moderate or heavy rain shower,2018,8,11,8,10,0,5,0
12.0,27,3.3,69,11,Moderate or heavy rain shower,2018,8,11,17,15,0,5,0
13.0,27,1.6,69,11,Moderate or heavy rain shower,2018,8,11,15,22,0,5,0
14.0,27,1.1,68,11,Moderate or heavy rain shower,2018,8,11,12,13,0,5,0
15.0,27,1.5,68,12,Moderate or heavy rain shower,2018,8,11,22,23,0,5,0
16.0,26,0.7,69,10,Moderate or heavy rain shower,2018,8,11,12,13,0,5,0
17.0,26,1.7,69,8,Moderate or heavy rain shower,2018,8,11,10,12,0,5,0
18.0,26,2.3,70,6,Moderate or heavy rain shower,2018,8,11,16,6,0,5,0
19.0,26,1.2,71,5,Moderate or heavy rain shower,2018,8,11,14,20,0,5,0
20.0,26,0.2,73,4,Patchy rain possible,2018,8,11,15,27,0,5,0
21.0,25,0.3,74,3,Patchy rain possible,2018,8,11,8,10,0,5,0
22.0,25,0.1,76,6,Patchy rain possible,2018,8,11,9,7,0,5,0
23.0,25,0.2,77,8,Patchy rain possible,2018,8,11,4,8,0,5,0
0.0,25,0.5,78,11,Patchy rain possible,2018,8,12,0,0,0,6,0
1.0,24,0.2,79,10,Patchy rain possible,2018,8,12,1,3,0,6,0
2.0,24,0.0,79,10,Clear,2018,8,12,0,0,0,6,0
3.0,23,0.0,80,9,Clear,2018,8,12,0,1,0,6,0
4.0,23,0.0,79,10,Clear,2018,8,12,0,0,0,6,0
5.0,24,0.0,79,11,Clear,2018,8,12,3,1,0,6,0
6.0,24,0.0,78,12,Sunny,2018,8,12,2,1,0,6,0
7.0,25,0.0,74,11,Sunny,2018,8,12,4,6,0,6,0
8.0,26,0.0,69,11,Sunny,2018,8,12,11,15,0,6,0
9.0,27,0.0,64,11,Sunny,2018,8,12,17,14,0,6,0
10.0,28,0.0,61,10,Sunny,2018,8,12,23,24,0,6,0
11.0,29,0.0,58,9,Partly cloudy,2018,8,12,26,28,0,6,0
12.0,30,0.0,54,8,Partly cloudy,2018,8,12,32,30,0,6,0
13.0,30,0.0,56,8,Partly cloudy,2018,8,12,31,39,0,6,0
14.0,30,0.3,58,9,Patchy rain possible,2018,8,12,30,29,0,6,0
15.0,29,0.4,60,10,Patchy rain possible,2018,8,12,34,33,0,6,0
16.0,29,0.2,63,9,Patchy rain possible,2018,8,12,49,49,0,6,0
17.0,28,0.6,66,8,Patchy rain possible,2018,8,12,41,41,0,6,0
18.0,27,0.8,68,8,Patchy rain possible,2018,8,12,61,44,0,6,0
19.0,27,0.4,71,10,Patchy rain possible,2018,8,12,36,51,0,6,0
20.0,26,3.0,73,12,Torrential rain shower,2018,8,12,18,20,0,6,0
21.0,25,4.0,76,14,Torrential rain shower,2018,8,12,8,8,0,6,0
22.0,25,2.0,77,15,Torrential rain shower,2018,8,12,6,1,0,6,0
23.0,24,3.8,79,15,Torrential rain shower,2018,8,12,1,6,0,6,0
0.0,24,7.7,80,15,Torrential rain shower,2018,8,13,2,1,0,0,1
1.0,24,3.8,81,16,Torrential rain shower,2018,8,13,4,1,0,0,1
2.0,24,0.3,82,17,Light rain shower,2018,8,13,0,0,0,0,1
3.0,23,0.4,84,17,Light rain shower,2018,8,13,0,0,0,0,1
4.0,23,0.2,84,17,Light rain shower,2018,8,13,1,0,0,0,1
5.0,23,1.5,83,16,Moderate or heavy rain shower,2018,8,13,3,2,0,0,1
6.0,23,2.0,83,15,Moderate or heavy rain shower,2018,8,13,3,13,0,0,1
7.0,23,1.0,84,16,Moderate or heavy rain shower,2018,8,13,11,28,0,0,1
8.0,23,1.7,84,17,Moderate or heavy rain shower,2018,8,13,15,27,0,0,1
9.0,23,2.3,84,18,Moderate or heavy rain shower,2018,8,13,3,11,0,0,1
10.0,24,1.1,81,18,Moderate or heavy rain shower,2018,8,13,3,0,0,0,1
11.0,25,2.1,78,17,Moderate or heavy rain shower,2018,8,13,0,0,0,0,1
12.0,26,2.8,75,17,Moderate or heavy rain shower,2018,8,13,2,4,0,0,1
13.0,25,1.4,76,15,Moderate or heavy rain shower,2018,8,13,7,3,0,0,1
14.0,25,0.4,77,12,Light rain shower,2018,8,13,7,4,0,0,1
15.0,25,0.6,78,10,Light rain shower,2018,8,13,9,7,0,0,1
16.0,25,0.3,79,8,Light rain shower,2018,8,13,10,6,0,0,1
17.0,25,0.5,80,5,Light rain shower,2018,8,13,46,23,0,0,1
18.0,26,0.6,80,3,Light rain shower,2018,8,13,33,27,0,0,1
19.0,25,0.3,80,2,Light rain shower,2018,8,13,22,21,0,0,1
20.0,25,0.0,80,1,Partly cloudy,2018,8,13,8,6,0,0,1
21.0,24,0.0,80,1,Partly cloudy,2018,8,13,12,12,0,0,1
22.0,24,0.0,80,1,Partly cloudy,2018,8,13,6,9,0,0,1
23.0,24,0.0,81,2,Clear,2018,8,13,4,5,0,0,1
0.0,24,0.0,81,3,Clear,2018,8,14,1,0,0,1,1
1.0,24,0.0,82,3,Clear,2018,8,14,0,0,0,1,1
2.0,24,0.3,83,4,Patchy rain possible,2018,8,14,1,0,0,1,1
3.0,24,0.4,83,5,Patchy rain possible,2018,8,14,0,1,0,1,1
4.0,24,0.2,82,5,Patchy rain possible,2018,8,14,0,0,0,1,1
5.0,24,0.6,80,4,Patchy rain possible,2018,8,14,1,3,0,1,1
6.0,24,0.8,79,4,Patchy rain possible,2018,8,14,5,12,0,1,1
7.0,25,0.4,73,6,Patchy rain possible,2018,8,14,16,31,0,1,1
8.0,26,0.5,66,8,Patchy rain possible,2018,8,14,32,62,0,1,1
9.0,28,0.7,60,10,Patchy rain possible,2018,8,14,8,43,0,1,1
10.0,28,0.4,57,11,Patchy rain possible,2018,8,14,8,18,0,1,1
11.0,29,0.6,55,11,Patchy rain possible,2018,8,14,11,20,0,1,1
12.0,30,0.8,52,11,Patchy rain possible,2018,8,14,9,11,0,1,1
13.0,29,0.4,53,13,Patchy rain possible,2018,8,14,18,17,0,1,1
14.0,29,0.5,54,15,Patchy rain possible,2018,8,14,18,18,0,1,1
15.0,28,0.7,56,17,Patchy rain possible,2018,8,14,6,6,0,1,1
16.0,28,0.3,58,16,Patchy rain possible,2018,8,14,9,9,0,1,1
17.0,27,0.7,61,15,Light rain shower,2018,8,14,18,18,0,1,1
18.0,26,0.9,64,14,Light rain shower,2018,8,14,67,42,0,1,1
19.0,25,0.5,67,16,Light rain shower,2018,8,14,30,25,0,1,1
20.0,24,0.1,70,17,Patchy rain possible,2018,8,14,22,19,0,1,1
21.0,23,0.1,73,18,Patchy rain possible,2018,8,14,12,13,0,1,1
22.0,23,0.1,73,17,Patchy rain possible,2018,8,14,10,14,0,1,1
23.0,23,0.1,74,17,Patchy rain possible,2018,8,14,2,5,0,1,1
0.0,22,0.2,75,16,Patchy rain possible,2018,8,15,3,2,0,2,1
1.0,22,0.1,76,16,Patchy rain possible,2018,8,15,1,1,0,2,1
2.0,22,0.0,78,17,Clear,2018,8,15,0,0,0,2,1
3.0,22,0.0,79,17,Clear,2018,8,15,0,0,0,2,1
4.0,22,0.0,77,16,Clear,2018,8,15,1,0,0,2,1
5.0,22,0.0,75,15,Clear,2018,8,15,3,2,0,2,1
6.0,23,0.0,74,14,Sunny,2018,8,15,11,17,0,2,1
7.0,25,0.0,68,15,Sunny,2018,8,15,14,33,0,2,1
8.0,26,0.0,62,15,Sunny,2018,8,15,35,61,0,2,1
9.0,28,0.0,57,15,Sunny,2018,8,15,28,61,0,2,1
10.0,29,0.0,53,15,Sunny,2018,8,15,10,14,0,2,1
11.0,31,0.0,48,14,Sunny,2018,8,15,12,13,0,2,1
12.0,32,0.0,44,14,Sunny,2018,8,15,13,8,0,2,1
13.0,32,0.0,44,15,Sunny,2018,8,15,18,18,0,2,1
14.0,32,0.0,45,15,Sunny,2018,8,15,22,28,0,2,1
15.0,32,0.0,45,16,Sunny,2018,8,15,18,17,0,2,1
16.0,31,0.0,48,15,Sunny,2018,8,15,15,19,0,2,1
17.0,31,0.0,51,14,Sunny,2018,8,15,55,49,0,2,1
18.0,30,0.0,54,14,Clear,2018,8,15,96,55,0,2,1
19.0,29,0.0,58,14,Clear,2018,8,15,79,44,0,2,1
20.0,28,0.0,61,14,Clear,2018,8,15,49,34,0,2,1
21.0,28,0.0,65,14,Clear,2018,8,15,12,10,0,2,1
22.0,27,0.0,67,13,Clear,2018,8,15,12,10,0,2,1
23.0,27,0.0,69,13,Clear,2018,8,15,4,5,0,2,1
0.0,27,0.1,71,12,Clear,2018,8,16,3,2,0,3,1
1.0,26,0.0,72,12,Clear,2018,8,16,0,0,0,3,1
2.0,26,0.1,73,11,Patchy rain possible,2018,8,16,0,0,0,3,1
3.0,26,0.1,74,10,Patchy rain possible,2018,8,16,0,1,0,3,1
4.0,26,0.0,71,10,Patchy rain possible,2018,8,16,1,0,0,3,1
5.0,26,0.1,69,9,Clear,2018,8,16,1,2,0,3,1
6.0,26,0.1,67,9,Sunny,2018,8,16,5,10,0,3,1
7.0,28,0.0,62,9,Sunny,2018,8,16,19,29,0,3,1
8.0,29,0.0,57,10,Sunny,2018,8,16,27,57,0,3,1
9.0,31,0.0,52,10,Sunny,2018,8,16,17,38,0,3,1
10.0,31,0.0,49,10,Sunny,2018,8,16,10,11,0,3,1
11.0,32,0.0,46,9,Sunny,2018,8,16,17,14,0,3,1
12.0,33,0.0,43,9,Sunny,2018,8,16,14,20,0,3,1
13.0,33,0.0,45,10,Sunny,2018,8,16,5,11,0,3,1
14.0,33,0.0,46,11,Partly cloudy,2018,8,16,7,7,0,3,1
15.0,33,0.0,47,12,Partly cloudy,2018,8,16,8,13,0,3,1
16.0,32,0.0,50,11,Partly cloudy,2018,8,16,24,22,0,3,1
17.0,32,0.0,53,10,Sunny,2018,8,16,59,32,0,3,1
18.0,31,0.0,55,10,Clear,2018,8,16,78,39,0,3,1
19.0,30,0.0,58,11,Clear,2018,8,16,37,25,0,3,1
20.0,29,0.2,61,11,Patchy rain possible,2018,8,16,17,14,0,3,1
21.0,28,0.3,64,12,Patchy rain possible,2018,8,16,21,22,0,3,1
22.0,28,0.1,66,12,Patchy rain possible,2018,8,16,8,11,0,3,1
23.0,28,0.3,67,12,Patchy rain possible,2018,8,16,13,9,0,3,1
0.0,27,0.5,69,12,Patchy rain possible,2018,8,17,1,1,0,4,1
1.0,27,0.3,71,10,Patchy rain possible,2018,8,17,0,0,0,4,1
2.0,27,0.2,72,9,Patchy rain possible,2018,8,17,0,0,0,4,1
3.0,27,0.3,74,8,Patchy rain possible,2018,8,17,0,2,0,4,1
4.0,27,0.2,74,7,Patchy rain possible,2018,8,17,0,0,0,4,1
5.0,27,0.3,73,6,Patchy rain possible,2018,8,17,1,2,0,4,1
6.0,27,0.4,72,5,Patchy rain possible,2018,8,17,6,15,0,4,1
7.0,28,0.2,69,6,Patchy rain possible,2018,8,17,14,25,0,4,1
8.0,28,1.2,66,8,Moderate or heavy rain shower,2018,8,17,27,37,0,4,1
9.0,29,1.6,62,9,Moderate or heavy rain shower,2018,8,17,15,36,0,4,1
10.0,30,0.8,61,11,Moderate or heavy rain shower,2018,8,17,18,7,0,4,1
11.0,30,1.3,60,12,Moderate or heavy rain shower,2018,8,17,11,10,0,4,1
12.0,30,1.7,59,14,Moderate or heavy rain shower,2018,8,17,12,16,0,4,1
13.0,30,0.8,59,16,Moderate or heavy rain shower,2018,8,17,24,21,0,4,1
14.0,30,1.2,60,18,Moderate or heavy rain shower,2018,8,17,19,17,0,4,1
15.0,30,1.6,60,19,Moderate or heavy rain shower,2018,8,17,13,16,0,4,1
16.0,30,0.8,62,19,Moderate or heavy rain shower,2018,8,17,32,25,0,4,1
17.0,29,1.3,63,19,Moderate or heavy rain shower,2018,8,17,28,29,0,4,1
18.0,29,1.7,65,19,Moderate or heavy rain shower,2018,8,17,37,37,0,4,1
19.0,28,0.8,68,18,Moderate or heavy rain shower,2018,8,17,19,25,0,4,1
20.0,28,2.0,71,18,Moderate or heavy rain shower,2018,8,17,18,13,0,4,1
21.0,27,2.7,74,17,Moderate or heavy rain shower,2018,8,17,9,14,0,4,1
22.0,27,1.4,75,14,Moderate or heavy rain shower,2018,8,17,1,3,0,4,1
23.0,27,2.8,75,12,Torrential rain shower,2018,8,17,1,0,0,4,1
0.0,26,5.5,76,9,Torrential rain shower,2018,8,18,1,1,0,5,0
1.0,26,2.8,77,9,Torrential rain shower,2018,8,18,0,0,0,5,0
2.0,26,0.1,77,9,Patchy light drizzle,2018,8,18,1,0,0,5,0
3.0,25,0.1,78,10,Patchy light drizzle,2018,8,18,0,0,0,5,0
4.0,25,0.1,77,10,Patchy light drizzle,2018,8,18,0,1,0,5,0
5.0,25,0.1,76,10,Patchy light drizzle,2018,8,18,0,0,0,5,0
6.0,25,0.1,74,10,Patchy light drizzle,2018,8,18,2,0,0,5,0
7.0,26,0.1,71,11,Patchy light drizzle,2018,8,18,9,2,0,5,0
8.0,27,0.0,67,11,Partly cloudy,2018,8,18,10,2,0,5,0
9.0,28,0.0,64,12,Partly cloudy,2018,8,18,12,14,0,5,0
10.0,29,0.0,61,12,Partly cloudy,2018,8,18,8,10,0,5,0
11.0,30,0.1,57,12,Patchy rain possible,2018,8,18,24,29,0,5,0
12.0,31,0.1,54,11,Patchy rain possible,2018,8,18,19,28,0,5,0
13.0,30,0.0,57,12,Patchy rain possible,2018,8,18,25,26,0,5,0
14.0,30,1.4,61,14,Moderate or heavy rain shower,2018,8,18,20,20,0,5,0
15.0,29,1.9,64,15,Moderate or heavy rain shower,2018,8,18,24,23,0,5,0
16.0,29,1.0,66,14,Moderate or heavy rain shower,2018,8,18,27,28,0,5,0
17.0,28,2.5,68,14,Moderate or heavy rain shower,2018,8,18,31,27,0,5,0
18.0,27,3.3,71,13,Moderate or heavy rain shower,2018,8,18,34,36,0,5,0
19.0,26,1.7,69,15,Moderate or heavy rain shower,2018,8,18,11,14,0,5,0
20.0,25,0.6,68,17,Light rain shower,2018,8,18,3,9,0,5,0
21.0,24,0.8,67,19,Light rain shower,2018,8,18,10,5,0,5,0
22.0,23,0.4,68,19,Light rain shower,2018,8,18,11,12,0,5,0
23.0,22,0.6,69,19,Light rain shower,2018,8,18,3,0,0,5,0
0.0,22,1.3,71,18,Light rain shower,2018,8,19,1,4,0,6,0
1.0,22,0.6,73,18,Light rain shower,2018,8,19,0,2,0,6,0
2.0,22,0.0,76,18,Overcast,2018,8,19,0,0,0,6,0
3.0,21,0.0,79,17,Overcast,2018,8,19,0,2,0,6,0
4.0,21,0.0,79,18,Overcast,2018,8,19,3,0,0,6,0
5.0,21,0.1,79,20,Light drizzle,2018,8,19,0,1,0,6,0
6.0,21,0.1,79,21,Light drizzle,2018,8,19,1,0,0,6,0
7.0,21,0.0,78,21,Light drizzle,2018,8,19,4,2,0,6,0
8.0,21,0.1,77,21,Light drizzle,2018,8,19,5,2,0,6,0
9.0,21,0.1,76,21,Light drizzle,2018,8,19,4,16,0,6,0
10.0,21,0.0,74,19,Light drizzle,2018,8,19,11,15,0,6,0
11.0,22,0.1,72,17,Light drizzle,2018,8,19,11,7,0,6,0
12.0,22,0.1,69,16,Light drizzle,2018,8,19,9,21,0,6,0
13.0,22,0.1,68,15,Light drizzle,2018,8,19,19,18,0,6,0
14.0,23,0.1,67,14,Light drizzle,2018,8,19,12,13,0,6,0
15.0,23,0.1,66,14,Light drizzle,2018,8,19,18,9,0,6,0
16.0,23,0.1,65,11,Light drizzle,2018,8,19,16,29,0,6,0
17.0,23,0.1,65,9,Patchy rain possible,2018,8,19,24,32,0,6,0
18.0,23,0.2,64,6,Patchy rain possible,2018,8,19,29,23,0,6,0
19.0,23,0.1,67,8,Patchy rain possible,2018,8,19,26,21,0,6,0
20.0,22,0.0,69,10,Cloudy,2018,8,19,9,19,0,6,0
21.0,22,0.0,71,12,Cloudy,2018,8,19,4,3,0,6,0
22.0,22,0.0,71,13,Cloudy,2018,8,19,3,4,0,6,0
23.0,22,0.0,70,14,Partly cloudy,2018,8,19,5,4,0,6,0
0.0,21,0.0,70,14,Partly cloudy,2018,8,20,4,4,0,0,1
1.0,21,0.0,70,13,Partly cloudy,2018,8,20,0,0,0,0,1
2.0,20,0.0,70,12,Partly cloudy,2018,8,20,0,0,0,0,1
3.0,20,0.0,71,12,Partly cloudy,2018,8,20,0,0,0,0,1
4.0,20,0.0,72,12,Partly cloudy,2018,8,20,0,0,0,0,1
5.0,20,0.0,73,12,Cloudy,2018,8,20,2,0,0,0,1
6.0,20,0.0,74,12,Cloudy,2018,8,20,5,8,0,0,1
7.0,21,0.0,74,12,Cloudy,2018,8,20,21,27,0,0,1
8.0,21,0.0,74,12,Cloudy,2018,8,20,29,73,0,0,1
9.0,22,0.0,73,12,Cloudy,2018,8,20,15,43,0,0,1
10.0,23,0.0,68,11,Cloudy,2018,8,20,15,9,0,0,1
11.0,25,0.1,63,10,Light rain shower,2018,8,20,4,8,0,0,1
12.0,26,0.1,58,9,Light rain shower,2018,8,20,5,7,0,0,1
13.0,26,0.0,59,10,Light rain shower,2018,8,20,15,12,0,0,1
14.0,25,0.1,61,12,Light rain shower,2018,8,20,15,19,0,0,1
15.0,25,0.1,62,13,Light rain shower,2018,8,20,15,13,0,0,1
16.0,25,0.0,65,11,Light rain shower,2018,8,20,16,22,0,0,1
17.0,24,0.1,67,9,Patchy rain possible,2018,8,20,81,50,0,0,1
18.0,24,0.1,70,8,Patchy rain possible,2018,8,20,83,56,0,0,1
19.0,23,0.0,70,8,Patchy rain possible,2018,8,20,58,32,0,0,1
20.0,23,0.0,71,8,Cloudy,2018,8,20,45,23,0,0,1
21.0,23,0.0,72,9,Cloudy,2018,8,20,15,15,0,0,1
22.0,22,0.0,72,10,Cloudy,2018,8,20,13,14,0,0,1
23.0,22,0.0,72,11,Partly cloudy,2018,8,20,6,5,0,0,1
0.0,22,0.0,72,12,Partly cloudy,2018,8,21,0,0,0,1,1
1.0,22,0.0,73,11,Partly cloudy,2018,8,21,3,3,0,1,1
2.0,21,0.0,74,10,Partly cloudy,2018,8,21,0,0,0,1,1
3.0,21,0.0,75,9,Partly cloudy,2018,8,21,0,0,0,1,1
4.0,21,0.0,74,10,Partly cloudy,2018,8,21,0,0,0,1,1
5.0,21,0.0,74,11,Partly cloudy,2018,8,21,0,1,0,1,1
6.0,21,0.0,74,12,Partly cloudy,2018,8,21,5,10,0,1,1
7.0,22,0.0,70,13,Partly cloudy,2018,8,21,21,36,0,1,1
8.0,23,0.0,67,13,Sunny,2018,8,21,34,63,0,1,1
9.0,24,0.0,63,14,Sunny,2018,8,21,22,57,0,1,1
10.0,25,0.0,62,14,Sunny,2018,8,21,8,16,0,1,1
11.0,26,0.0,61,13,Sunny,2018,8,21,12,9,0,1,1
12.0,26,0.0,61,13,Sunny,2018,8,21,16,18,0,1,1
13.0,26,0.0,62,15,Sunny,2018,8,21,10,21,0,1,1
14.0,26,0.0,64,17,Partly cloudy,2018,8,21,16,17,0,1,1
15.0,25,0.0,66,19,Partly cloudy,2018,8,21,15,17,0,1,1
16.0,25,0.0,69,18,Partly cloudy,2018,8,21,28,26,0,1,1
17.0,24,0.0,72,16,Cloudy,2018,8,21,66,36,0,1,1
18.0,24,0.0,76,15,Cloudy,2018,8,21,78,60,0,1,1
19.0,23,0.0,77,16,Cloudy,2018,8,21,58,51,0,1,1
20.0,23,0.2,79,17,Light rain shower,2018,8,21,22,28,0,1,1
21.0,23,0.3,81,18,Light rain shower,2018,8,21,26,15,0,1,1
22.0,23,0.2,83,19,Light rain shower,2018,8,21,5,10,0,1,1
23.0,23,1.7,85,19,Moderate or heavy rain shower,2018,8,21,4,2,0,1,1
0.0,23,3.3,87,19,Moderate or heavy rain shower,2018,8,22,0,0,0,2,1
1.0,23,1.7,88,17,Moderate or heavy rain shower,2018,8,22,0,0,0,2,1
2.0,23,1.2,88,15,Moderate rain,2018,8,22,0,0,0,2,1
3.0,23,1.6,89,13,Moderate rain,2018,8,22,0,0,0,2,1
4.0,23,0.8,86,12,Moderate rain,2018,8,22,2,0,0,2,1
5.0,23,1.2,84,12,Moderate rain at times,2018,8,22,1,1,0,2,1
6.0,24,1.6,81,12,Moderate rain at times,2018,8,22,7,8,0,2,1
7.0,24,0.8,77,14,Moderate rain at times,2018,8,22,9,22,0,2,1
8.0,25,0.0,73,16,Partly cloudy,2018,8,22,30,66,0,2,1
9.0,26,0.0,68,18,Partly cloudy,2018,8,22,15,50,0,2,1
10.0,27,0.0,63,17,Partly cloudy,2018,8,22,13,12,0,2,1
11.0,28,0.1,58,17,Patchy rain possible,2018,8,22,16,12,0,2,1
12.0,29,0.1,53,16,Patchy rain possible,2018,8,22,13,14,0,2,1
13.0,29,0.0,52,18,Patchy rain possible,2018,8,22,16,7,0,2,1
14.0,29,0.0,51,19,Sunny,2018,8,22,12,19,0,2,1
15.0,29,0.0,50,21,Sunny,2018,8,22,23,37,0,2,1
16.0,28,0.0,52,19,Sunny,2018,8,22,22,21,0,2,1
17.0,27,0.0,54,17,Sunny,2018,8,22,66,42,0,2,1
18.0,26,0.0,56,15,Clear,2018,8,22,84,63,0,2,1
19.0,25,0.0,59,16,Clear,2018,8,22,40,39,0,2,1
20.0,24,0.0,62,17,Clear,2018,8,22,25,23,0,2,1
21.0,23,0.0,65,19,Clear,2018,8,22,16,16,0,2,1
22.0,23,0.0,66,18,Clear,2018,8,22,2,6,0,2,1
23.0,22,0.0,66,17,Clear,2018,8,22,7,3,0,2,1
0.0,22,0.0,67,15,Clear,2018,8,23,1,3,0,3,1
1.0,22,0.0,67,15,Clear,2018,8,23,2,2,0,3,1
2.0,22,0.0,67,15,Partly cloudy,2018,8,23,0,0,0,3,1
3.0,21,0.0,67,15,Partly cloudy,2018,8,23,0,0,0,3,1
4.0,21,0.0,64,15,Partly cloudy,2018,8,23,0,0,0,3,1
5.0,21,0.0,62,15,Partly cloudy,2018,8,23,3,1,0,3,1
6.0,21,0.0,59,14,Partly cloudy,2018,8,23,11,14,0,3,1
7.0,21,0.0,54,15,Partly cloudy,2018,8,23,12,20,0,3,1
8.0,22,0.0,50,15,Sunny,2018,8,23,32,67,0,3,1
9.0,23,0.0,45,16,Sunny,2018,8,23,16,59,0,3,1
10.0,24,0.0,41,15,Sunny,2018,8,23,11,9,0,3,1
11.0,25,0.0,38,14,Sunny,2018,8,23,7,12,0,3,1
12.0,27,0.0,34,13,Sunny,2018,8,23,12,7,0,3,1
13.0,27,0.0,36,14,Sunny,2018,8,23,14,21,0,3,1
14.0,26,0.0,37,14,Sunny,2018,8,23,26,19,0,3,1
15.0,26,0.0,39,14,Sunny,2018,8,23,22,26,0,3,1
16.0,26,0.0,41,13,Sunny,2018,8,23,27,25,0,3,1
17.0,26,0.0,43,11,Sunny,2018,8,23,83,48,0,3,1
18.0,25,0.0,45,10,Clear,2018,8,23,84,59,0,3,1
19.0,25,0.0,47,11,Clear,2018,8,23,62,47,0,3,1
20.0,24,0.0,50,12,Clear,2018,8,23,32,32,0,3,1
21.0,23,0.0,53,14,Clear,2018,8,23,21,19,0,3,1
22.0,24,0.0,54,12,Clear,2018,8,23,16,16,0,3,1
23.0,24,0.0,56,10,Clear,2018,8,23,9,8,0,3,1
0.0,24,0.0,57,8,Clear,2018,8,24,0,0,0,4,1
1.0,24,0.0,57,7,Clear,2018,8,24,0,0,0,4,1
2.0,24,0.0,57,6,Clear,2018,8,24,0,0,0,4,1
3.0,24,0.0,58,5,Clear,2018,8,24,0,0,0,4,1
4.0,24,0.0,56,5,Clear,2018,8,24,0,0,0,4,1
5.0,24,0.0,55,5,Clear,2018,8,24,0,0,0,4,1
6.0,23,0.0,54,5,Sunny,2018,8,24,8,11,0,4,1
7.0,25,0.0,52,4,Sunny,2018,8,24,13,25,0,4,1
8.0,26,0.0,50,3,Sunny,2018,8,24,24,64,0,4,1
9.0,28,0.0,48,3,Sunny,2018,8,24,18,39,0,4,1
10.0,29,0.0,44,4,Sunny,2018,8,24,10,16,0,4,1
11.0,29,0.0,41,6,Sunny,2018,8,24,14,12,0,4,1
12.0,30,0.0,38,7,Sunny,2018,8,24,12,18,0,4,1
13.0,30,0.0,38,8,Sunny,2018,8,24,23,21,0,4,1
14.0,30,0.0,39,9,Sunny,2018,8,24,18,18,0,4,1
15.0,30,0.0,39,10,Sunny,2018,8,24,34,35,0,4,1
16.0,29,0.0,41,11,Sunny,2018,8,24,41,40,0,4,1
17.0,28,0.0,44,12,Sunny,2018,8,24,77,52,0,4,1
18.0,27,0.0,46,13,Clear,2018,8,24,69,41,0,4,1
19.0,27,0.0,48,12,Clear,2018,8,24,47,40,0,4,1
20.0,26,0.0,50,11,Clear,2018,8,24,32,36,0,4,1
21.0,26,0.0,52,11,Clear,2018,8,24,12,15,0,4,1
22.0,26,0.0,53,11,Clear,2018,8,24,16,7,0,4,1
23.0,26,0.0,53,11,Clear,2018,8,24,6,9,0,4,1
0.0,26,0.0,54,12,Clear,2018,8,25,3,1,0,5,0
1.0,25,0.0,55,10,Clear,2018,8,25,1,6,0,5,0
2.0,25,0.0,56,8,Clear,2018,8,25,0,5,0,5,0
3.0,25,0.0,56,6,Clear,2018,8,25,0,0,0,5,0
4.0,24,0.0,56,5,Clear,2018,8,25,1,0,0,5,0
5.0,24,0.0,55,3,Clear,2018,8,25,2,0,0,5,0
6.0,23,0.0,54,1,Sunny,2018,8,25,0,2,0,5,0
7.0,24,0.0,52,3,Sunny,2018,8,25,3,4,0,5,0
8.0,25,0.0,49,6,Partly cloudy,2018,8,25,7,4,0,5,0
9.0,26,0.0,46,8,Partly cloudy,2018,8,25,20,18,0,5,0
10.0,26,0.0,44,9,Partly cloudy,2018,8,25,18,16,0,5,0
11.0,27,0.0,43,9,Cloudy,2018,8,25,20,20,0,5,0
12.0,27,0.0,42,10,Cloudy,2018,8,25,36,43,0,5,0
13.0,27,0.0,43,10,Cloudy,2018,8,25,65,80,0,5,0
14.0,27,0.0,44,11,Sunny,2018,8,25,46,46,0,5,0
15.0,27,0.0,45,12,Sunny,2018,8,25,55,55,0,5,0
16.0,26,0.0,47,11,Sunny,2018,8,25,35,32,0,5,0
17.0,26,0.0,49,11,Sunny,2018,8,25,32,35,0,5,0
18.0,26,0.0,52,10,Clear,2018,8,25,37,38,0,5,0
19.0,26,0.0,54,11,Clear,2018,8,25,41,23,0,5,0
20.0,25,0.0,56,11,Clear,2018,8,25,16,11,0,5,0
21.0,25,0.0,59,11,Clear,2018,8,25,14,14,0,5,0
22.0,24,0.0,60,10,Clear,2018,8,25,14,15,0,5,0
23.0,24,0.0,60,9,Clear,2018,8,25,2,4,0,5,0
0.0,24,0.0,61,9,Clear,2018,8,26,2,3,0,6,0
1.0,23,0.0,62,9,Clear,2018,8,26,0,1,0,6,0
2.0,22,0.0,64,9,Clear,2018,8,26,0,1,0,6,0
3.0,22,0.0,65,9,Clear,2018,8,26,1,2,0,6,0
4.0,22,0.0,65,9,Clear,2018,8,26,1,0,0,6,0
5.0,22,0.0,65,8,Clear,2018,8,26,0,1,0,6,0
6.0,23,0.0,66,8,Sunny,2018,8,26,0,0,0,6,0
7.0,24,0.0,63,10,Sunny,2018,8,26,2,3,0,6,0
8.0,25,0.0,61,12,Sunny,2018,8,26,3,4,0,6,0
9.0,26,0.0,58,14,Sunny,2018,8,26,10,14,0,6,0
10.0,27,0.0,56,13,Sunny,2018,8,26,20,12,0,6,0
11.0,28,0.0,54,13,Partly cloudy,2018,8,26,37,55,0,6,0
12.0,29,0.0,52,12,Partly cloudy,2018,8,26,37,32,0,6,0
13.0,29,0.0,53,13,Partly cloudy,2018,8,26,29,52,0,6,0
14.0,29,0.0,54,14,Overcast,2018,8,26,19,22,0,6,0
15.0,29,0.0,54,14,Overcast,2018,8,26,40,40,0,6,0
16.0,29,0.0,57,14,Overcast,2018,8,26,41,34,0,6,0
17.0,28,0.0,59,14,Partly cloudy,2018,8,26,25,32,0,6,0
18.0,28,0.0,61,13,Partly cloudy,2018,8,26,50,37,0,6,0
19.0,27,0.0,64,13,Partly cloudy,2018,8,26,30,32,0,6,0
20.0,27,0.0,66,13,Partly cloudy,2018,8,26,11,19,0,6,0
21.0,26,0.0,68,13,Partly cloudy,2018,8,26,11,8,0,6,0
22.0,26,0.0,69,13,Partly cloudy,2018,8,26,6,12,0,6,0
23.0,25,0.0,71,13,Partly cloudy,2018,8,26,6,1,0,6,0
0.0,25,0.0,72,13,Partly cloudy,2018,8,27,6,3,0,0,1
1.0,25,0.0,75,12,Partly cloudy,2018,8,27,1,2,0,0,1
2.0,25,0.0,78,12,Clear,2018,8,27,1,1,0,0,1
3.0,24,0.0,81,11,Clear,2018,8,27,0,0,0,0,1
4.0,25,0.0,80,9,Clear,2018,8,27,1,0,0,0,1
5.0,25,0.0,79,7,Clear,2018,8,27,2,1,0,0,1
6.0,26,0.0,78,5,Sunny,2018,8,27,8,13,0,0,1
7.0,27,0.0,73,5,Sunny,2018,8,27,13,20,0,0,1
8.0,28,0.0,68,5,Sunny,2018,8,27,26,54,0,0,1
9.0,30,0.0,63,5,Sunny,2018,8,27,19,45,0,0,1
10.0,31,0.0,59,5,Sunny,2018,8,27,8,20,0,0,1
11.0,32,0.0,54,5,Sunny,2018,8,27,25,33,0,0,1
12.0,33,0.0,50,5,Sunny,2018,8,27,27,17,0,0,1
13.0,33,0.0,50,7,Sunny,2018,8,27,10,21,0,0,1
14.0,33,0.0,50,8,Sunny,2018,8,27,11,10,0,0,1
15.0,33,0.0,51,9,Sunny,2018,8,27,18,13,0,0,1
16.0,32,0.0,53,9,Sunny,2018,8,27,24,13,0,0,1
17.0,31,0.0,55,9,Partly cloudy,2018,8,27,56,44,0,0,1
18.0,30,0.0,58,9,Partly cloudy,2018,8,27,84,48,0,0,1
19.0,30,0.0,62,10,Partly cloudy,2018,8,27,60,47,0,0,1
20.0,29,0.0,66,11,Partly cloudy,2018,8,27,23,24,0,0,1
21.0,28,0.0,70,12,Partly cloudy,2018,8,27,13,14,0,0,1
22.0,28,0.0,73,11,Partly cloudy,2018,8,27,4,8,0,0,1
23.0,27,0.0,75,11,Clear,2018,8,27,4,3,0,0,1
0.0,27,0.0,78,11,Clear,2018,8,28,2,2,0,1,1
1.0,27,0.0,79,11,Clear,2018,8,28,0,0,0,1,1
2.0,27,0.4,81,11,Patchy rain possible,2018,8,28,0,1,0,1,1
3.0,26,0.6,82,10,Patchy rain possible,2018,8,28,0,0,0,1,1
4.0,26,0.3,81,9,Patchy rain possible,2018,8,28,0,0,0,1,1
5.0,27,0.7,80,7,Patchy rain possible,2018,8,28,5,4,0,1,1
6.0,27,1.0,78,5,Patchy rain possible,2018,8,28,7,11,0,1,1
7.0,28,0.5,72,6,Patchy rain possible,2018,8,28,12,38,0,1,1
8.0,30,0.1,66,7,Sunny,2018,8,28,29,60,0,1,1
9.0,32,0.1,60,8,Sunny,2018,8,28,15,40,0,1,1
10.0,33,0.1,55,10,Sunny,2018,8,28,15,20,0,1,1
11.0,34,0.1,50,11,Sunny,2018,8,28,9,11,0,1,1
12.0,35,0.1,45,13,Sunny,2018,8,28,8,10,0,1,1
13.0,35,0.1,45,14,Sunny,2018,8,28,10,13,0,1,1
14.0,34,0.0,45,16,Sunny,2018,8,28,7,8,0,1,1
15.0,34,0.0,44,18,Sunny,2018,8,28,16,12,0,1,1
16.0,33,0.0,48,17,Sunny,2018,8,28,30,19,0,1,1
17.0,33,0.0,51,17,Sunny,2018,8,28,69,29,0,1,1
18.0,32,0.0,55,16,Clear,2018,8,28,73,39,0,1,1
19.0,31,0.0,58,16,Clear,2018,8,28,40,36,0,1,1
20.0,30,0.0,62,16,Clear,2018,8,28,34,26,0,1,1
21.0,30,0.0,65,17,Clear,2018,8,28,14,15,0,1,1
22.0,29,0.0,67,16,Clear,2018,8,28,7,7,0,1,1
23.0,29,0.2,69,16,Clear,2018,8,28,2,3,0,1,1
0.0,29,0.4,71,16,Clear,2018,8,29,2,2,0,2,1
1.0,28,0.2,71,15,Clear,2018,8,29,1,0,0,2,1
2.0,28,0.1,71,14,Clear,2018,8,29,0,0,0,2,1
3.0,28,0.1,71,13,Clear,2018,8,29,0,0,0,2,1
4.0,28,0.0,71,10,Clear,2018,8,29,1,0,0,2,1
5.0,28,0.1,71,8,Clear,2018,8,29,2,2,0,2,1
6.0,28,0.1,71,5,Sunny,2018,8,29,7,10,0,2,1
7.0,29,0.0,65,8,Sunny,2018,8,29,16,21,0,2,1
8.0,31,0.0,60,10,Sunny,2018,8,29,25,60,0,2,1
9.0,32,0.0,54,12,Sunny,2018,8,29,14,31,0,2,1
10.0,33,0.0,52,13,Sunny,2018,8,29,7,3,0,2,1
11.0,34,0.0,49,14,Sunny,2018,8,29,8,6,0,2,1
12.0,34,0.0,46,14,Sunny,2018,8,29,9,11,0,2,1
13.0,34,0.0,46,15,Sunny,2018,8,29,8,8,0,2,1
14.0,34,0.0,45,17,Sunny,2018,8,29,11,8,0,2,1
15.0,34,0.0,45,18,Sunny,2018,8,29,15,9,0,2,1
16.0,33,0.0,47,16,Sunny,2018,8,29,15,9,0,2,1
17.0,33,0.0,49,15,Sunny,2018,8,29,57,40,0,2,1
18.0,32,0.0,50,13,Clear,2018,8,29,57,60,0,2,1
19.0,31,0.0,54,14,Clear,2018,8,29,43,40,0,2,1
20.0,31,0.0,57,15,Clear,2018,8,29,32,25,0,2,1
21.0,30,0.0,61,17,Clear,2018,8,29,23,9,0,2,1
22.0,29,0.0,63,16,Clear,2018,8,29,8,8,0,2,1
23.0,29,0.0,65,16,Clear,2018,8,29,1,2,0,2,1
0.0,29,0.0,67,15,Clear,2018,8,30,0,2,0,3,1
1.0,28,0.0,68,14,Clear,2018,8,30,0,0,0,3,1
2.0,28,0.0,70,13,Clear,2018,8,30,0,1,0,3,1
3.0,27,0.0,71,12,Clear,2018,8,30,1,0,0,3,1
4.0,27,0.0,70,12,Clear,2018,8,30,0,0,0,3,1
5.0,27,0.0,69,12,Clear,2018,8,30,1,2,0,3,1
6.0,26,0.0,68,13,Sunny,2018,8,30,7,10,0,3,1
7.0,28,0.0,64,13,Sunny,2018,8,30,14,34,0,3,1
8.0,29,0.0,61,14,Sunny,2018,8,30,26,50,0,3,1
9.0,30,0.0,57,14,Sunny,2018,8,30,14,26,0,3,1
10.0,30,0.0,54,12,Sunny,2018,8,30,7,7,0,3,1
11.0,31,0.0,52,10,Cloudy,2018,8,30,3,9,0,3,1
12.0,32,0.0,50,8,Cloudy,2018,8,30,12,9,0,3,1
13.0,32,0.0,51,7,Cloudy,2018,8,30,7,10,0,3,1
14.0,31,0.0,52,7,Overcast,2018,8,30,7,7,0,3,1
15.0,31,0.0,54,6,Overcast,2018,8,30,23,22,0,3,1
16.0,31,0.0,55,7,Overcast,2018,8,30,34,22,0,3,1
17.0,30,0.0,57,7,Partly cloudy,2018,8,30,55,29,0,3,1
18.0,30,0.0,59,7,Partly cloudy,2018,8,30,55,42,0,3,1
19.0,28,0.0,60,9,Partly cloudy,2018,8,30,44,30,0,3,1
20.0,27,0.1,61,10,Patchy rain possible,2018,8,30,16,16,0,3,1
21.0,26,0.1,62,12,Patchy rain possible,2018,8,30,15,11,0,3,1
22.0,26,0.0,62,13,Patchy rain possible,2018,8,30,8,9,0,3,1
23.0,25,0.1,63,14,Light rain shower,2018,8,30,7,9,0,3,1
0.0,25,0.2,63,15,Light rain shower,2018,8,31,1,3,0,4,1
1.0,24,0.1,67,17,Light rain shower,2018,8,31,0,0,0,4,1
2.0,24,0.4,71,18,Light rain shower,2018,8,31,0,0,0,4,1
3.0,23,0.5,75,19,Light rain shower,2018,8,31,0,0,0,4,1
4.0,23,0.2,76,18,Light rain shower,2018,8,31,2,0,0,4,1
5.0,23,0.4,76,17,Light rain shower,2018,8,31,2,1,0,4,1
6.0,23,0.5,77,16,Light rain shower,2018,8,31,2,5,0,4,1
7.0,23,0.3,74,17,Light rain shower,2018,8,31,16,17,0,4,1
8.0,24,0.1,72,19,Light rain shower,2018,8,31,17,36,0,4,1
9.0,24,0.1,69,20,Light rain shower,2018,8,31,14,27,0,4,1
10.0,24,0.1,67,18,Light rain shower,2018,8,31,11,23,0,4,1
11.0,25,0.1,66,16,Patchy light drizzle,2018,8,31,18,9,0,4,1
12.0,25,0.2,64,14,Patchy light drizzle,2018,8,31,8,14,0,4,1
13.0,25,0.1,64,16,Patchy light drizzle,2018,8,31,15,19,0,4,1
14.0,25,0.2,64,18,Light rain shower,2018,8,31,18,7,0,4,1
15.0,25,0.3,64,19,Light rain shower,2018,8,31,25,26,0,4,1
16.0,24,0.2,65,19,Light rain shower,2018,8,31,46,24,0,4,1
17.0,24,0.2,66,20,Light rain shower,2018,8,31,23,24,0,4,1
18.0,23,0.3,67,20,Light rain shower,2018,8,31,20,10,0,4,1
19.0,23,0.2,68,19,Light rain shower,2018,8,31,15,14,0,4,1
20.0,22,0.0,69,19,Partly cloudy,2018,8,31,11,9,0,4,1
21.0,22,0.0,70,19,Partly cloudy,2018,8,31,7,8,0,4,1
22.0,22,0.0,71,18,Partly cloudy,2018,8,31,8,7,0,4,1
23.0,22,0.0,73,18,Cloudy,2018,8,31,2,5,0,4,1
